id,name,sku,category,price,retail_price,covers_sqft,unit,description,image_url,is_sunburst_exclusive
p_3MTFPEMW_0,100% clear rubber sealant silicone,SB-CAT-100C-100,sealant,8.95,12.98,250,piece,"Official Sunburst Paints certified industrial catalog item. Specially formulated for durability, premium flow, and professional-grade finish. Part of our Sunburst Paints and Coatings Ltd inventory.",https://images.unsplash.com/photo-1589939705384-5185137a7f0f?auto=format&fit=crop&w=300&q=80,true
p_4TDQCBTX_1,2000 1 gallon ‘color’,SB-CAT-2000-101,paint,90.95,131.88,400,gallon,"Official Sunburst Paints certified industrial catalog item. Specially formulated for durability, premium flow, and professional-grade finish. Part of our Sunburst Paints and Coatings Ltd inventory.",https://images.unsplash.com/photo-1589939705384-5185137a7f0f?auto=format&fit=crop&w=300&q=80,true
p_NG4DTLQW_2,2000 white - 1 gal,SB-CAT-2000-102,paint,65.95,95.63,400,gallon,"Official Sunburst Paints certified industrial catalog item. Specially formulated for durability, premium flow, and professional-grade finish. Part of our Sunburst Paints and Coatings Ltd inventory.",https://images.unsplash.com/photo-1589939705384-5185137a7f0f?auto=format&fit=crop&w=300&q=80,true
p_WGMMMT53_3,2000 white - 5 gal,SB-CAT-2000-103,paint,329.75,478.14,2000,5 gallon,"Official Sunburst Paints certified industrial catalog item. Specially formulated for durability, premium flow, and professional-grade finish. Part of our Sunburst Paints and Coatings Ltd inventory.",https://images.unsplash.com/photo-1589939705384-5185137a7f0f?auto=format&fit=crop&w=300&q=80,true
p_BLT73SUO_4,3 inch brush tan,SB-CAT-3INC-104,brushes,4.5,6.52,0,piece,"Official Sunburst Paints certified industrial catalog item. Specially formulated for durability, premium flow, and professional-grade finish. Part of our Sunburst Paints and Coatings Ltd inventory.",https://images.unsplash.com/photo-1589939705384-5185137a7f0f?auto=format&fit=crop&w=300&q=80,true
p_G3Q6Q4YA_5,300 1 gallon,SB-CAT-3001-105,paint,38.95,56.48,400,gallon,"Official Sunburst Paints certified industrial catalog item. Specially formulated for durability, premium flow, and professional-grade finish. Part of our Sunburst Paints and Coatings Ltd inventory.",https://images.unsplash.com/photo-1589939705384-5185137a7f0f?auto=format&fit=crop&w=300&q=80,true
p_EWDCYJY6_6,321 - 1gal,SB-CAT-3211-106,paint,45,65.25,400,gallon,"Official Sunburst Paints certified industrial catalog item. Specially formulated for durability, premium flow, and professional-grade finish. Part of our Sunburst Paints and Coatings Ltd inventory.",https://images.unsplash.com/photo-1589939705384-5185137a7f0f?auto=format&fit=crop&w=300&q=80,true
p_KMHEANXE_7,321 - 5 gal,SB-CAT-3215-107,paint,194.75,282.39,2000,5 gallon,"Official Sunburst Paints certified industrial catalog item. Specially formulated for durability, premium flow, and professional-grade finish. Part of our Sunburst Paints and Coatings Ltd inventory.",https://images.unsplash.com/photo-1589939705384-5185137a7f0f?auto=format&fit=crop&w=300&q=80,true
p_V5SWRYOC_8,322 - 1 gal,SB-CAT-3221-108,paint,49.95,72.43,400,gallon,"Official Sunburst Paints certified industrial catalog item. Specially formulated for durability, premium flow, and professional-grade finish. Part of our Sunburst Paints and Coatings Ltd inventory.",https://images.unsplash.com/photo-1589939705384-5185137a7f0f?auto=format&fit=crop&w=300&q=80,true
p_TB4K4SWV_9,322 - 5 gal,SB-CAT-3225-109,paint,225,326.25,2000,5 gallon,"Official Sunburst Paints certified industrial catalog item. Specially formulated for durability, premium flow, and professional-grade finish. Part of our Sunburst Paints and Coatings Ltd inventory.",https://images.unsplash.com/photo-1589939705384-5185137a7f0f?auto=format&fit=crop&w=300&q=80,true
p_AGLA5LMW_10,3inch angled nylon paint brush,SB-CAT-3INC-110,brushes,12.95,18.78,0,piece,"Official Sunburst Paints certified industrial catalog item. Specially formulated for durability, premium flow, and professional-grade finish. Part of our Sunburst Paints and Coatings Ltd inventory.",https://images.unsplash.com/photo-1589939705384-5185137a7f0f?auto=format&fit=crop&w=300&q=80,true
p_UP2QUUAW_11,3pc painting kit 9inch,SB-CAT-3PCP-111,paint,14.95,21.68,400,gallon,"Official Sunburst Paints certified industrial catalog item. Specially formulated for durability, premium flow, and professional-grade finish. Part of our Sunburst Paints and Coatings Ltd inventory.",https://images.unsplash.com/photo-1589939705384-5185137a7f0f?auto=format&fit=crop&w=300&q=80,true
p_IZMQQUFM_12,3” Dynamic Solomon Brush,SB-CAT-3DYN-112,brushes,12.5,18.13,0,piece,"Official Sunburst Paints certified industrial catalog item. Specially formulated for durability, premium flow, and professional-grade finish. Part of our Sunburst Paints and Coatings Ltd inventory.",https://images.unsplash.com/photo-1589939705384-5185137a7f0f?auto=format&fit=crop&w=300&q=80,true
p_3ZGO32U4_13,4 inch brush,SB-CAT-4INC-113,brushes,6,8.7,0,piece,"Official Sunburst Paints certified industrial catalog item. Specially formulated for durability, premium flow, and professional-grade finish. Part of our Sunburst Paints and Coatings Ltd inventory.",https://images.unsplash.com/photo-1589939705384-5185137a7f0f?auto=format&fit=crop&w=300&q=80,true
p_6QBOSSSX_14,400 color - 1 gal,SB-CAT-400C-114,paint,50.95,73.88,400,gallon,"Official Sunburst Paints certified industrial catalog item. Specially formulated for durability, premium flow, and professional-grade finish. Part of our Sunburst Paints and Coatings Ltd inventory.",https://images.unsplash.com/photo-1589939705384-5185137a7f0f?auto=format&fit=crop&w=300&q=80,true
p_RQZQ2VS6_15,400 color - 5 gal,SB-CAT-400C-115,paint,254.75,369.39,2000,5 gallon,"Official Sunburst Paints certified industrial catalog item. Specially formulated for durability, premium flow, and professional-grade finish. Part of our Sunburst Paints and Coatings Ltd inventory.",https://images.unsplash.com/photo-1589939705384-5185137a7f0f?auto=format&fit=crop&w=300&q=80,true
p_372OHNNM_16,400 white - 1gal,SB-CAT-400W-116,paint,45.95,66.63,400,gallon,"Official Sunburst Paints certified industrial catalog item. Specially formulated for durability, premium flow, and professional-grade finish. Part of our Sunburst Paints and Coatings Ltd inventory.",https://images.unsplash.com/photo-1589939705384-5185137a7f0f?auto=format&fit=crop&w=300&q=80,true
p_YSI7HMO4_17,400 white - 5 gal,SB-CAT-400W-117,paint,185,268.25,2000,5 gallon,"Official Sunburst Paints certified industrial catalog item. Specially formulated for durability, premium flow, and professional-grade finish. Part of our Sunburst Paints and Coatings Ltd inventory.",https://images.unsplash.com/photo-1589939705384-5185137a7f0f?auto=format&fit=crop&w=300&q=80,true
p_LMVO7ATP_18,421 color - 1 gal,SB-CAT-421C-118,paint,55.95,81.13,400,gallon,"Official Sunburst Paints certified industrial catalog item. Specially formulated for durability, premium flow, and professional-grade finish. Part of our Sunburst Paints and Coatings Ltd inventory.",https://images.unsplash.com/photo-1589939705384-5185137a7f0f?auto=format&fit=crop&w=300&q=80,true
p_KBASC6UR_19,421 color - 5 gal,SB-CAT-421C-119,paint,279.75,405.64,2000,5 gallon,"Official Sunburst Paints certified industrial catalog item. Specially formulated for durability, premium flow, and professional-grade finish. Part of our Sunburst Paints and Coatings Ltd inventory.",https://images.unsplash.com/photo-1589939705384-5185137a7f0f?auto=format&fit=crop&w=300&q=80,true
p_TPXWZDAW_20,422 - 1 gal,SB-CAT-4221-120,paint,65.95,95.63,400,gallon,"Official Sunburst Paints certified industrial catalog item. Specially formulated for durability, premium flow, and professional-grade finish. Part of our Sunburst Paints and Coatings Ltd inventory.",https://images.unsplash.com/photo-1589939705384-5185137a7f0f?auto=format&fit=crop&w=300&q=80,true
p_NHPWRJPY_21,422 with color - 5 gal,SB-CAT-422W-121,paint,329.75,478.14,2000,5 gallon,"Official Sunburst Paints certified industrial catalog item. Specially formulated for durability, premium flow, and professional-grade finish. Part of our Sunburst Paints and Coatings Ltd inventory.",https://images.unsplash.com/photo-1589939705384-5185137a7f0f?auto=format&fit=crop&w=300&q=80,true
p_M7U4TT4C_22,423 - 1 gal,SB-CAT-4231-122,paint,75.95,110.13,400,gallon,"Official Sunburst Paints certified industrial catalog item. Specially formulated for durability, premium flow, and professional-grade finish. Part of our Sunburst Paints and Coatings Ltd inventory.",https://images.unsplash.com/photo-1589939705384-5185137a7f0f?auto=format&fit=crop&w=300&q=80,true
p_R7NRJERH_23,423 with color - 5 gal,SB-CAT-423W-123,paint,350,507.5,2000,5 gallon,"Official Sunburst Paints certified industrial catalog item. Specially formulated for durability, premium flow, and professional-grade finish. Part of our Sunburst Paints and Coatings Ltd inventory.",https://images.unsplash.com/photo-1589939705384-5185137a7f0f?auto=format&fit=crop&w=300&q=80,true
p_P6BBMEML_24,423-1 use,SB-CAT-4231-124,paint,65.95,95.63,400,gallon,"Official Sunburst Paints certified industrial catalog item. Specially formulated for durability, premium flow, and professional-grade finish. Part of our Sunburst Paints and Coatings Ltd inventory.",https://images.unsplash.com/photo-1589939705384-5185137a7f0f?auto=format&fit=crop&w=300&q=80,true
p_WFE4K4LT_25,4inch Roller Handle 05604,SB-CAT-4INC-125,brushes,9.5,13.78,0,piece,"Official Sunburst Paints certified industrial catalog item. Specially formulated for durability, premium flow, and professional-grade finish. Part of our Sunburst Paints and Coatings Ltd inventory.",https://images.unsplash.com/photo-1589939705384-5185137a7f0f?auto=format&fit=crop&w=300&q=80,true
p_64YNKKE5_26,5 gallon black flat,SB-CAT-5GAL-126,paint,240,348,2000,5 gallon,"Official Sunburst Paints certified industrial catalog item. Specially formulated for durability, premium flow, and professional-grade finish. Part of our Sunburst Paints and Coatings Ltd inventory.",https://images.unsplash.com/photo-1589939705384-5185137a7f0f?auto=format&fit=crop&w=300&q=80,true
p_YIGWNRRL_27,621,SB-CAT-621-127,paint,65.95,95.63,400,gallon,"Official Sunburst Paints certified industrial catalog item. Specially formulated for durability, premium flow, and professional-grade finish. Part of our Sunburst Paints and Coatings Ltd inventory.",https://images.unsplash.com/photo-1589939705384-5185137a7f0f?auto=format&fit=crop&w=300&q=80,true
p_JNSVA5SZ_28,622,SB-CAT-622-128,paint,75.95,110.13,400,gallon,"Official Sunburst Paints certified industrial catalog item. Specially formulated for durability, premium flow, and professional-grade finish. Part of our Sunburst Paints and Coatings Ltd inventory.",https://images.unsplash.com/photo-1589939705384-5185137a7f0f?auto=format&fit=crop&w=300&q=80,true
p_LNDQ4SXZ_29,622 5 gallon,SB-CAT-6225-129,paint,350,507.5,2000,5 gallon,"Official Sunburst Paints certified industrial catalog item. Specially formulated for durability, premium flow, and professional-grade finish. Part of our Sunburst Paints and Coatings Ltd inventory.",https://images.unsplash.com/photo-1589939705384-5185137a7f0f?auto=format&fit=crop&w=300&q=80,true
p_DA2AWDQG_30,821 - 1 gal,SB-CAT-8211-130,paint,68.95,99.98,400,gallon,"Official Sunburst Paints certified industrial catalog item. Specially formulated for durability, premium flow, and professional-grade finish. Part of our Sunburst Paints and Coatings Ltd inventory.",https://images.unsplash.com/photo-1589939705384-5185137a7f0f?auto=format&fit=crop&w=300&q=80,true
p_NQEZMVYT_31,821- 5 gal,SB-CAT-8215-131,paint,344.75,499.89,2000,5 gallon,"Official Sunburst Paints certified industrial catalog item. Specially formulated for durability, premium flow, and professional-grade finish. Part of our Sunburst Paints and Coatings Ltd inventory.",https://images.unsplash.com/photo-1589939705384-5185137a7f0f?auto=format&fit=crop&w=300&q=80,true
p_NHHUMXCA_32,823 - 1 gal,SB-CAT-8231-132,paint,80,116,400,gallon,"Official Sunburst Paints certified industrial catalog item. Specially formulated for durability, premium flow, and professional-grade finish. Part of our Sunburst Paints and Coatings Ltd inventory.",https://images.unsplash.com/photo-1589939705384-5185137a7f0f?auto=format&fit=crop&w=300&q=80,true
p_5QNUMA57_33,823- 5gal,SB-CAT-8235-133,paint,380,551,400,gallon,"Official Sunburst Paints certified industrial catalog item. Specially formulated for durability, premium flow, and professional-grade finish. Part of our Sunburst Paints and Coatings Ltd inventory.",https://images.unsplash.com/photo-1589939705384-5185137a7f0f?auto=format&fit=crop&w=300&q=80,true
p_TQAS3NOD_34,900 color - 5 gal,SB-CAT-900C-134,paint,180,261,2000,5 gallon,"Official Sunburst Paints certified industrial catalog item. Specially formulated for durability, premium flow, and professional-grade finish. Part of our Sunburst Paints and Coatings Ltd inventory.",https://images.unsplash.com/photo-1589939705384-5185137a7f0f?auto=format&fit=crop&w=300&q=80,true
p_I2LXBPSI_35,900 white - 5 gal,SB-CAT-900W-135,paint,165,239.25,2000,5 gallon,"Official Sunburst Paints certified industrial catalog item. Specially formulated for durability, premium flow, and professional-grade finish. Part of our Sunburst Paints and Coatings Ltd inventory.",https://images.unsplash.com/photo-1589939705384-5185137a7f0f?auto=format&fit=crop&w=300&q=80,true
p_X3BBHHFO_36,900 ‘Color’ -1 gal,SB-CAT-900C-136,paint,40.95,59.38,400,gallon,"Official Sunburst Paints certified industrial catalog item. Specially formulated for durability, premium flow, and professional-grade finish. Part of our Sunburst Paints and Coatings Ltd inventory.",https://images.unsplash.com/photo-1589939705384-5185137a7f0f?auto=format&fit=crop&w=300&q=80,true
p_ONE5OVQI_37,900 ‘white’ - 1 gal,SB-CAT-900W-137,paint,34.95,50.68,400,gallon,"Official Sunburst Paints certified industrial catalog item. Specially formulated for durability, premium flow, and professional-grade finish. Part of our Sunburst Paints and Coatings Ltd inventory.",https://images.unsplash.com/photo-1589939705384-5185137a7f0f?auto=format&fit=crop&w=300&q=80,true
p_UKIOFCLM_38,Add colorant (per ounce),9640332,paint,3.5,5.08,400,gallon,"Official Sunburst Paints certified industrial catalog item. Specially formulated for durability, premium flow, and professional-grade finish. Part of our Sunburst Paints and Coatings Ltd inventory.",https://images.unsplash.com/photo-1589939705384-5185137a7f0f?auto=format&fit=crop&w=300&q=80,true
p_LVQKUV6U_39,Add colorant 1 gallon,SB-CAT-ADDC-139,paint,10,14.5,400,gallon,"Official Sunburst Paints certified industrial catalog item. Specially formulated for durability, premium flow, and professional-grade finish. Part of our Sunburst Paints and Coatings Ltd inventory.",https://images.unsplash.com/photo-1589939705384-5185137a7f0f?auto=format&fit=crop&w=300&q=80,true
p_BDTO7X3Z_40,Add colorant 5 gallon,SB-CAT-ADDC-140,paint,50,72.5,2000,5 gallon,"Official Sunburst Paints certified industrial catalog item. Specially formulated for durability, premium flow, and professional-grade finish. Part of our Sunburst Paints and Coatings Ltd inventory.",https://images.unsplash.com/photo-1589939705384-5185137a7f0f?auto=format&fit=crop&w=300&q=80,true
p_4BD4263H_41,Black Oil 5 gallon,SB-CAT-BLAC-141,stain,350,507.5,1500,5 gallon,"Official Sunburst Paints certified industrial catalog item. Specially formulated for durability, premium flow, and professional-grade finish. Part of our Sunburst Paints and Coatings Ltd inventory.",https://images.unsplash.com/photo-1589939705384-5185137a7f0f?auto=format&fit=crop&w=300&q=80,true
p_S36HCYWG_42,Black-Oil,SB-CAT-BLAC-142,stain,68.95,99.98,300,gallon,"Official Sunburst Paints certified industrial catalog item. Specially formulated for durability, premium flow, and professional-grade finish. Part of our Sunburst Paints and Coatings Ltd inventory.",https://images.unsplash.com/photo-1589939705384-5185137a7f0f?auto=format&fit=crop&w=300&q=80,true
p_O25IJZOQ_43,Cameo cream 1 gallon,SB-CAT-CAME-143,paint,47.19,68.43,400,gallon,"Official Sunburst Paints certified industrial catalog item. Specially formulated for durability, premium flow, and professional-grade finish. Part of our Sunburst Paints and Coatings Ltd inventory.",https://images.unsplash.com/photo-1589939705384-5185137a7f0f?auto=format&fit=crop&w=300&q=80,true
p_LIRML5SK_44,Cameo cream 5 gallon,SB-CAT-CAME-144,paint,150,217.5,2000,5 gallon,"Official Sunburst Paints certified industrial catalog item. Specially formulated for durability, premium flow, and professional-grade finish. Part of our Sunburst Paints and Coatings Ltd inventory.",https://images.unsplash.com/photo-1589939705384-5185137a7f0f?auto=format&fit=crop&w=300&q=80,true
p_QN7EO7RU_45,Caulking (Case),SB-CAT-CAUL-145,brushes,89,129.05,0,piece,"Official Sunburst Paints certified industrial catalog item. Specially formulated for durability, premium flow, and professional-grade finish. Part of our Sunburst Paints and Coatings Ltd inventory.",https://images.unsplash.com/photo-1589939705384-5185137a7f0f?auto=format&fit=crop&w=300&q=80,true
p_VSRMZV3L_46,Caulking -Single,SB-CAT-CAUL-146,brushes,8.95,12.98,0,piece,"Official Sunburst Paints certified industrial catalog item. Specially formulated for durability, premium flow, and professional-grade finish. Part of our Sunburst Paints and Coatings Ltd inventory.",https://images.unsplash.com/photo-1589939705384-5185137a7f0f?auto=format&fit=crop&w=300&q=80,true
p_QCNTSOV3_47,Caulking gun,SB-CAT-CAUL-147,brushes,12.95,18.78,0,piece,"Official Sunburst Paints certified industrial catalog item. Specially formulated for durability, premium flow, and professional-grade finish. Part of our Sunburst Paints and Coatings Ltd inventory.",https://images.unsplash.com/photo-1589939705384-5185137a7f0f?auto=format&fit=crop&w=300&q=80,true
p_JO3NK5NR_48,Dynamic Foam Roller Refills 4”,SB-CAT-DYNA-148,brushes,4,5.8,0,piece,"Official Sunburst Paints certified industrial catalog item. Specially formulated for durability, premium flow, and professional-grade finish. Part of our Sunburst Paints and Coatings Ltd inventory.",https://images.unsplash.com/photo-1589939705384-5185137a7f0f?auto=format&fit=crop&w=300&q=80,true
p_MZGTEGFT_49,Dynamic Foam Roller refills 6.5”,SB-CAT-DYNA-149,brushes,12.5,18.13,0,piece,"Official Sunburst Paints certified industrial catalog item. Specially formulated for durability, premium flow, and professional-grade finish. Part of our Sunburst Paints and Coatings Ltd inventory.",https://images.unsplash.com/photo-1589939705384-5185137a7f0f?auto=format&fit=crop&w=300&q=80,true
p_TZJT4S7L_50,Dynamic Masking Tape 24mm,SB-CAT-DYNA-150,brushes,4,5.8,0,piece,"Official Sunburst Paints certified industrial catalog item. Specially formulated for durability, premium flow, and professional-grade finish. Part of our Sunburst Paints and Coatings Ltd inventory.",https://images.unsplash.com/photo-1589939705384-5185137a7f0f?auto=format&fit=crop&w=300&q=80,true
p_5QJAUJ6O_51,Dynamic Masking Tape 48mm,SB-CAT-DYNA-151,brushes,6,8.7,0,piece,"Official Sunburst Paints certified industrial catalog item. Specially formulated for durability, premium flow, and professional-grade finish. Part of our Sunburst Paints and Coatings Ltd inventory.",https://images.unsplash.com/photo-1589939705384-5185137a7f0f?auto=format&fit=crop&w=300&q=80,true
p_OMEK2CZD_52,Dynamic Microfiber 4” (2pk),SB-CAT-DYNA-152,brushes,7.95,11.53,0,piece,"Official Sunburst Paints certified industrial catalog item. Specially formulated for durability, premium flow, and professional-grade finish. Part of our Sunburst Paints and Coatings Ltd inventory.",https://images.unsplash.com/photo-1589939705384-5185137a7f0f?auto=format&fit=crop&w=300&q=80,true
p_XBJAB77A_53,Dynamic Microfiber 6” (2pk),SB-CAT-DYNA-153,brushes,9.95,14.43,0,piece,"Official Sunburst Paints certified industrial catalog item. Specially formulated for durability, premium flow, and professional-grade finish. Part of our Sunburst Paints and Coatings Ltd inventory.",https://images.unsplash.com/photo-1589939705384-5185137a7f0f?auto=format&fit=crop&w=300&q=80,true
p_N2IPAQCA_54,Dynamic Microfiber Mini Roller Kit,SB-CAT-DYNA-154,brushes,12.5,18.13,0,piece,"Official Sunburst Paints certified industrial catalog item. Specially formulated for durability, premium flow, and professional-grade finish. Part of our Sunburst Paints and Coatings Ltd inventory.",https://images.unsplash.com/photo-1589939705384-5185137a7f0f?auto=format&fit=crop&w=300&q=80,true
p_V2OO4ATC_55,Dynamic Multi Roller Refills,SB-CAT-DYNA-155,brushes,4.5,6.52,0,piece,"Official Sunburst Paints certified industrial catalog item. Specially formulated for durability, premium flow, and professional-grade finish. Part of our Sunburst Paints and Coatings Ltd inventory.",https://images.unsplash.com/photo-1589939705384-5185137a7f0f?auto=format&fit=crop&w=300&q=80,true
p_A6A3NDLS_56,Empty buckets,SB-CAT-EMPT-156,hardware,14.5,21.02,0,piece,"Official Sunburst Paints certified industrial catalog item. Specially formulated for durability, premium flow, and professional-grade finish. Part of our Sunburst Paints and Coatings Ltd inventory.",https://images.unsplash.com/photo-1589939705384-5185137a7f0f?auto=format&fit=crop&w=300&q=80,true
p_SD6ZUYKF_57,Empty can,SB-CAT-EMPT-157,hardware,4.3,6.23,0,piece,"Official Sunburst Paints certified industrial catalog item. Specially formulated for durability, premium flow, and professional-grade finish. Part of our Sunburst Paints and Coatings Ltd inventory.",https://images.unsplash.com/photo-1589939705384-5185137a7f0f?auto=format&fit=crop&w=300&q=80,true
p_PK7YUXLI_58,Extension Pole -4ft,SB-CAT-EXTE-158,brushes,8,11.6,0,piece,"Official Sunburst Paints certified industrial catalog item. Specially formulated for durability, premium flow, and professional-grade finish. Part of our Sunburst Paints and Coatings Ltd inventory.",https://images.unsplash.com/photo-1589939705384-5185137a7f0f?auto=format&fit=crop&w=300&q=80,true
p_RYYAF24R_59,Fiberglass extension pole,SB-CAT-FIBE-159,brushes,19.95,28.93,0,piece,"Official Sunburst Paints certified industrial catalog item. Specially formulated for durability, premium flow, and professional-grade finish. Part of our Sunburst Paints and Coatings Ltd inventory.",https://images.unsplash.com/photo-1589939705384-5185137a7f0f?auto=format&fit=crop&w=300&q=80,true
p_CK3ZXDBC_60,Fill by load,SB-CAT-FILL-160,paint,272.73,395.46,400,gallon,"Official Sunburst Paints certified industrial catalog item. Specially formulated for durability, premium flow, and professional-grade finish. Part of our Sunburst Paints and Coatings Ltd inventory.",https://images.unsplash.com/photo-1589939705384-5185137a7f0f?auto=format&fit=crop&w=300&q=80,true
p_DEWOCCVU_61,Fill by yard,SB-CAT-FILL-161,paint,18.18,26.36,400,gallon,"Official Sunburst Paints certified industrial catalog item. Specially formulated for durability, premium flow, and professional-grade finish. Part of our Sunburst Paints and Coatings Ltd inventory.",https://images.unsplash.com/photo-1589939705384-5185137a7f0f?auto=format&fit=crop&w=300&q=80,true
p_HUSN7IUX_62,Frame plus pole 4ft,SB-CAT-FRAM-162,brushes,24.95,36.18,0,piece,"Official Sunburst Paints certified industrial catalog item. Specially formulated for durability, premium flow, and professional-grade finish. Part of our Sunburst Paints and Coatings Ltd inventory.",https://images.unsplash.com/photo-1589939705384-5185137a7f0f?auto=format&fit=crop&w=300&q=80,true
p_GW7QHL2B_63,Frame plus pole 6ft,SB-CAT-FRAM-163,brushes,28.95,41.98,0,piece,"Official Sunburst Paints certified industrial catalog item. Specially formulated for durability, premium flow, and professional-grade finish. Part of our Sunburst Paints and Coatings Ltd inventory.",https://images.unsplash.com/photo-1589939705384-5185137a7f0f?auto=format&fit=crop&w=300&q=80,true
p_XUNEV2R5_64,Gallon Black Flat,SB-CAT-GALL-164,paint,48,69.6,400,gallon,"Official Sunburst Paints certified industrial catalog item. Specially formulated for durability, premium flow, and professional-grade finish. Part of our Sunburst Paints and Coatings Ltd inventory.",https://images.unsplash.com/photo-1589939705384-5185137a7f0f?auto=format&fit=crop&w=300&q=80,true
p_6IKR67NG_65,IPG Moving Tape,SB-CAT-IPGM-165,brushes,4,5.8,0,piece,"Official Sunburst Paints certified industrial catalog item. Specially formulated for durability, premium flow, and professional-grade finish. Part of our Sunburst Paints and Coatings Ltd inventory.",https://images.unsplash.com/photo-1589939705384-5185137a7f0f?auto=format&fit=crop&w=300&q=80,true
p_YZCDPOOX_66,Metal Drum,SB-CAT-META-166,paint,45.45,65.9,400,gallon,"Official Sunburst Paints certified industrial catalog item. Specially formulated for durability, premium flow, and professional-grade finish. Part of our Sunburst Paints and Coatings Ltd inventory.",https://images.unsplash.com/photo-1589939705384-5185137a7f0f?auto=format&fit=crop&w=300&q=80,true
p_JBGEEFAZ_67,Metal Pan,SB-CAT-META-167,paint,6,8.7,400,gallon,"Official Sunburst Paints certified industrial catalog item. Specially formulated for durability, premium flow, and professional-grade finish. Part of our Sunburst Paints and Coatings Ltd inventory.",https://images.unsplash.com/photo-1589939705384-5185137a7f0f?auto=format&fit=crop&w=300&q=80,true
p_TZ4CBO7G_68,Mix Match 5 gal.,SB-CAT-MIXM-168,paint,180,261,2000,5 gallon,"Official Sunburst Paints certified industrial catalog item. Specially formulated for durability, premium flow, and professional-grade finish. Part of our Sunburst Paints and Coatings Ltd inventory.",https://images.unsplash.com/photo-1589939705384-5185137a7f0f?auto=format&fit=crop&w=300&q=80,true
p_GV64K2BT_69,Mix match,SB-CAT-MIXM-169,paint,31.82,46.14,400,gallon,"Official Sunburst Paints certified industrial catalog item. Specially formulated for durability, premium flow, and professional-grade finish. Part of our Sunburst Paints and Coatings Ltd inventory.",https://images.unsplash.com/photo-1589939705384-5185137a7f0f?auto=format&fit=crop&w=300&q=80,true
p_UFAZ32JL_70,Mix n Match,SB-CAT-MIXN-170,paint,150,217.5,400,gallon,Light color,https://images.unsplash.com/photo-1589939705384-5185137a7f0f?auto=format&fit=crop&w=300&q=80,true
p_HPYSOOOA_71,New Zealand Green 1 gal,SB-CAT-NEWZ-171,paint,75.95,110.13,400,gallon,"Official Sunburst Paints certified industrial catalog item. Specially formulated for durability, premium flow, and professional-grade finish. Part of our Sunburst Paints and Coatings Ltd inventory.",https://images.unsplash.com/photo-1589939705384-5185137a7f0f?auto=format&fit=crop&w=300&q=80,true
p_MRST3AFR_72,New Zealand Green 5 gal,SB-CAT-NEWZ-172,paint,300,435,2000,5 gallon,"Official Sunburst Paints certified industrial catalog item. Specially formulated for durability, premium flow, and professional-grade finish. Part of our Sunburst Paints and Coatings Ltd inventory.",https://images.unsplash.com/photo-1589939705384-5185137a7f0f?auto=format&fit=crop&w=300&q=80,true
p_PJZUMFRO_73,Ospho (Rust surfaces),SB-CAT-OSPH-173,paint,18,26.1,400,gallon,"Official Sunburst Paints certified industrial catalog item. Specially formulated for durability, premium flow, and professional-grade finish. Part of our Sunburst Paints and Coatings Ltd inventory.",https://images.unsplash.com/photo-1589939705384-5185137a7f0f?auto=format&fit=crop&w=300&q=80,true
p_NSTML7HH_74,Paint & Primer Spray (Metallic),SB-CAT-PAIN-174,brushes,11.77,17.07,0,piece,"Official Sunburst Paints certified industrial catalog item. Specially formulated for durability, premium flow, and professional-grade finish. Part of our Sunburst Paints and Coatings Ltd inventory.",https://images.unsplash.com/photo-1589939705384-5185137a7f0f?auto=format&fit=crop&w=300&q=80,true
p_X4XHGLYS_75,Paint Thinner - 1 gal,SB-CAT-PAIN-175,brushes,18,26.1,0,piece,"Official Sunburst Paints certified industrial catalog item. Specially formulated for durability, premium flow, and professional-grade finish. Part of our Sunburst Paints and Coatings Ltd inventory.",https://images.unsplash.com/photo-1589939705384-5185137a7f0f?auto=format&fit=crop&w=300&q=80,true
p_WXH26XZ5_76,Paint and primer Spray (Key Lime),SB-CAT-PAIN-176,brushes,9.95,14.43,0,piece,"Official Sunburst Paints certified industrial catalog item. Specially formulated for durability, premium flow, and professional-grade finish. Part of our Sunburst Paints and Coatings Ltd inventory.",https://images.unsplash.com/photo-1589939705384-5185137a7f0f?auto=format&fit=crop&w=300&q=80,true
p_7P3QMI73_77,Paint with formula,SB-CAT-PAIN-177,paint,250,362.5,400,gallon,"Official Sunburst Paints certified industrial catalog item. Specially formulated for durability, premium flow, and professional-grade finish. Part of our Sunburst Paints and Coatings Ltd inventory.",https://images.unsplash.com/photo-1589939705384-5185137a7f0f?auto=format&fit=crop&w=300&q=80,true
p_UM47ICGZ_78,Paint without formula,SB-CAT-PAIN-178,paint,180,261,400,gallon,"Official Sunburst Paints certified industrial catalog item. Specially formulated for durability, premium flow, and professional-grade finish. Part of our Sunburst Paints and Coatings Ltd inventory.",https://images.unsplash.com/photo-1589939705384-5185137a7f0f?auto=format&fit=crop&w=300&q=80,true
p_5R64OBGQ_79,Painters tape - blue 24mm,SB-CAT-PAIN-179,brushes,7.95,11.53,0,piece,"Official Sunburst Paints certified industrial catalog item. Specially formulated for durability, premium flow, and professional-grade finish. Part of our Sunburst Paints and Coatings Ltd inventory.",https://images.unsplash.com/photo-1589939705384-5185137a7f0f?auto=format&fit=crop&w=300&q=80,true
p_AWEGUUG4_80,Plastic Drum,SB-CAT-PLAS-180,paint,35,50.75,400,gallon,"Official Sunburst Paints certified industrial catalog item. Specially formulated for durability, premium flow, and professional-grade finish. Part of our Sunburst Paints and Coatings Ltd inventory.",https://images.unsplash.com/photo-1589939705384-5185137a7f0f?auto=format&fit=crop&w=300&q=80,true
p_GSNAN3QY_81,ProForm Joint Tape,SB-CAT-PROF-181,brushes,12.5,18.13,0,piece,"Official Sunburst Paints certified industrial catalog item. Specially formulated for durability, premium flow, and professional-grade finish. Part of our Sunburst Paints and Coatings Ltd inventory.",https://images.unsplash.com/photo-1589939705384-5185137a7f0f?auto=format&fit=crop&w=300&q=80,true
p_7BTSPWTI_82,Professional roller frames 18inch,SB-CAT-PROF-182,brushes,17.23,24.98,0,piece,"Official Sunburst Paints certified industrial catalog item. Specially formulated for durability, premium flow, and professional-grade finish. Part of our Sunburst Paints and Coatings Ltd inventory.",https://images.unsplash.com/photo-1589939705384-5185137a7f0f?auto=format&fit=crop&w=300&q=80,true
p_3PAKNYH7_83,Putty Knife  - 4”,SB-CAT-PUTT-183,brushes,7.95,11.53,0,piece,"Official Sunburst Paints certified industrial catalog item. Specially formulated for durability, premium flow, and professional-grade finish. Part of our Sunburst Paints and Coatings Ltd inventory.",https://images.unsplash.com/photo-1589939705384-5185137a7f0f?auto=format&fit=crop&w=300&q=80,true
p_D7K46HPC_84,Putty Knife - 3”,SB-CAT-PUTT-184,brushes,6.95,10.08,0,piece,"Official Sunburst Paints certified industrial catalog item. Specially formulated for durability, premium flow, and professional-grade finish. Part of our Sunburst Paints and Coatings Ltd inventory.",https://images.unsplash.com/photo-1589939705384-5185137a7f0f?auto=format&fit=crop&w=300&q=80,true
p_5NELD6JI_85,Putty Knife -1/4”,SB-CAT-PUTT-185,brushes,5.5,7.97,0,piece,"Official Sunburst Paints certified industrial catalog item. Specially formulated for durability, premium flow, and professional-grade finish. Part of our Sunburst Paints and Coatings Ltd inventory.",https://images.unsplash.com/photo-1589939705384-5185137a7f0f?auto=format&fit=crop&w=300&q=80,true
p_3GLKIEKG_86,Putty Knife -6”,SB-CAT-PUTT-186,brushes,9,13.05,0,piece,"Official Sunburst Paints certified industrial catalog item. Specially formulated for durability, premium flow, and professional-grade finish. Part of our Sunburst Paints and Coatings Ltd inventory.",https://images.unsplash.com/photo-1589939705384-5185137a7f0f?auto=format&fit=crop&w=300&q=80,true
p_VY73BAOQ_87,Razor Blade Scraper,SB-CAT-RAZO-187,brushes,10,14.5,0,piece,"Official Sunburst Paints certified industrial catalog item. Specially formulated for durability, premium flow, and professional-grade finish. Part of our Sunburst Paints and Coatings Ltd inventory.",https://images.unsplash.com/photo-1589939705384-5185137a7f0f?auto=format&fit=crop&w=300&q=80,true
p_HUIGN6FQ_88,Red,SB-CAT-RED-188,paint,46.95,68.08,400,gallon,"Official Sunburst Paints certified industrial catalog item. Specially formulated for durability, premium flow, and professional-grade finish. Part of our Sunburst Paints and Coatings Ltd inventory.",https://images.unsplash.com/photo-1589939705384-5185137a7f0f?auto=format&fit=crop&w=300&q=80,true
p_5KNMR3PR_89,Roller Cover - 1 1/4,SB-CAT-ROLL-189,brushes,10,14.5,0,piece,"Official Sunburst Paints certified industrial catalog item. Specially formulated for durability, premium flow, and professional-grade finish. Part of our Sunburst Paints and Coatings Ltd inventory.",https://images.unsplash.com/photo-1589939705384-5185137a7f0f?auto=format&fit=crop&w=300&q=80,true
p_JRRMPEBP_90,Roller Cover - 3/4,SB-CAT-ROLL-190,brushes,8,11.6,0,piece,"Official Sunburst Paints certified industrial catalog item. Specially formulated for durability, premium flow, and professional-grade finish. Part of our Sunburst Paints and Coatings Ltd inventory.",https://images.unsplash.com/photo-1589939705384-5185137a7f0f?auto=format&fit=crop&w=300&q=80,true
p_CP2HP7SI_91,Roller Cover 1/2,SB-CAT-ROLL-191,brushes,5,7.25,0,piece,"Official Sunburst Paints certified industrial catalog item. Specially formulated for durability, premium flow, and professional-grade finish. Part of our Sunburst Paints and Coatings Ltd inventory.",https://images.unsplash.com/photo-1589939705384-5185137a7f0f?auto=format&fit=crop&w=300&q=80,true
p_KIK62O2T_92,Roller Handle - 4”,SB-CAT-ROLL-192,brushes,5.5,7.97,0,piece,"Official Sunburst Paints certified industrial catalog item. Specially formulated for durability, premium flow, and professional-grade finish. Part of our Sunburst Paints and Coatings Ltd inventory.",https://images.unsplash.com/photo-1589939705384-5185137a7f0f?auto=format&fit=crop&w=300&q=80,true
p_G3KG6RVP_93,Roller Handle - 9”,SB-CAT-ROLL-193,brushes,10,14.5,0,piece,"Official Sunburst Paints certified industrial catalog item. Specially formulated for durability, premium flow, and professional-grade finish. Part of our Sunburst Paints and Coatings Ltd inventory.",https://images.unsplash.com/photo-1589939705384-5185137a7f0f?auto=format&fit=crop&w=300&q=80,true
p_OG665HUV_94,Roller handle - 3”,SB-CAT-ROLL-194,brushes,4.5,6.52,0,piece,"Official Sunburst Paints certified industrial catalog item. Specially formulated for durability, premium flow, and professional-grade finish. Part of our Sunburst Paints and Coatings Ltd inventory.",https://images.unsplash.com/photo-1589939705384-5185137a7f0f?auto=format&fit=crop&w=300&q=80,true
p_LZUTT2R6_95,Sand Paper -Regular,SB-CAT-SAND-195,brushes,2,2.9,0,piece,"Official Sunburst Paints certified industrial catalog item. Specially formulated for durability, premium flow, and professional-grade finish. Part of our Sunburst Paints and Coatings Ltd inventory.",https://images.unsplash.com/photo-1589939705384-5185137a7f0f?auto=format&fit=crop&w=300&q=80,true
p_ZL4CYCOQ_96,Spackling - 1 gal,SB-CAT-SPAC-196,brushes,30.95,44.88,0,piece,"Official Sunburst Paints certified industrial catalog item. Specially formulated for durability, premium flow, and professional-grade finish. Part of our Sunburst Paints and Coatings Ltd inventory.",https://images.unsplash.com/photo-1589939705384-5185137a7f0f?auto=format&fit=crop&w=300&q=80,true
p_XS3BICP4_97,Spackling - 1 quart,SB-CAT-SPAC-197,brushes,12.95,18.78,0,piece,"Official Sunburst Paints certified industrial catalog item. Specially formulated for durability, premium flow, and professional-grade finish. Part of our Sunburst Paints and Coatings Ltd inventory.",https://images.unsplash.com/photo-1589939705384-5185137a7f0f?auto=format&fit=crop&w=300&q=80,true
p_BY7E7J7O_98,Spackling - Small,SB-CAT-SPAC-198,brushes,6,8.7,0,piece,"Official Sunburst Paints certified industrial catalog item. Specially formulated for durability, premium flow, and professional-grade finish. Part of our Sunburst Paints and Coatings Ltd inventory.",https://images.unsplash.com/photo-1589939705384-5185137a7f0f?auto=format&fit=crop&w=300&q=80,true
p_ZGDL3WED_99,Test,SB-CAT-TEST-199,paint,2,2.9,400,gallon,"Official Sunburst Paints certified industrial catalog item. Specially formulated for durability, premium flow, and professional-grade finish. Part of our Sunburst Paints and Coatings Ltd inventory.",https://images.unsplash.com/photo-1589939705384-5185137a7f0f?auto=format&fit=crop&w=300&q=80,true
p_LDM54ILD_100,Test Item,SB-CAT-TEST-200,brushes,12.5,18.13,0,piece,For training,https://images.unsplash.com/photo-1589939705384-5185137a7f0f?auto=format&fit=crop&w=300&q=80,true
p_O6YJX272_101,Thinner,SB-CAT-THIN-201,paint,13.64,19.78,400,gallon,"Official Sunburst Paints certified industrial catalog item. Specially formulated for durability, premium flow, and professional-grade finish. Part of our Sunburst Paints and Coatings Ltd inventory.",https://images.unsplash.com/photo-1589939705384-5185137a7f0f?auto=format&fit=crop&w=300&q=80,true
p_RKVTMXA7_102,Touch n Tone Spray Paint,SB-CAT-TOUC-202,paint,9.95,14.43,400,gallon,"Official Sunburst Paints certified industrial catalog item. Specially formulated for durability, premium flow, and professional-grade finish. Part of our Sunburst Paints and Coatings Ltd inventory.",https://images.unsplash.com/photo-1589939705384-5185137a7f0f?auto=format&fit=crop&w=300&q=80,true
p_2GUMRU76_103,Traffic Paint (color) 5 gallon,SB-CAT-TRAF-203,paint,260,377,2000,5 gallon,"Official Sunburst Paints certified industrial catalog item. Specially formulated for durability, premium flow, and professional-grade finish. Part of our Sunburst Paints and Coatings Ltd inventory.",https://images.unsplash.com/photo-1589939705384-5185137a7f0f?auto=format&fit=crop&w=300&q=80,true
p_IFUDI4LR_104,Traffic Spray Paint,SB-CAT-TRAF-204,brushes,16,23.2,0,piece,Red/White/Yellow,https://images.unsplash.com/photo-1589939705384-5185137a7f0f?auto=format&fit=crop&w=300&q=80,true
p_F3HFUCXX_105,Traffic paint 5 gallon,SB-CAT-TRAF-205,paint,240,348,2000,5 gallon,"Official Sunburst Paints certified industrial catalog item. Specially formulated for durability, premium flow, and professional-grade finish. Part of our Sunburst Paints and Coatings Ltd inventory.",https://images.unsplash.com/photo-1589939705384-5185137a7f0f?auto=format&fit=crop&w=300&q=80,true
p_YGMA5YZH_106,Tropical sun 1 gallon,SB-CAT-TROP-206,paint,65.95,95.63,400,gallon,"Official Sunburst Paints certified industrial catalog item. Specially formulated for durability, premium flow, and professional-grade finish. Part of our Sunburst Paints and Coatings Ltd inventory.",https://images.unsplash.com/photo-1589939705384-5185137a7f0f?auto=format&fit=crop&w=300&q=80,true
p_XLEGNX7R_107,Tropical sun 5 gallon,SB-CAT-TROP-207,paint,279.95,405.93,2000,5 gallon,"Official Sunburst Paints certified industrial catalog item. Specially formulated for durability, premium flow, and professional-grade finish. Part of our Sunburst Paints and Coatings Ltd inventory.",https://images.unsplash.com/photo-1589939705384-5185137a7f0f?auto=format&fit=crop&w=300&q=80,true
p_WJ6QKXEF_108,UB 5 Gallon grey,SB-CAT-UB5G-208,paint,329.95,478.43,2000,5 gallon,"Official Sunburst Paints certified industrial catalog item. Specially formulated for durability, premium flow, and professional-grade finish. Part of our Sunburst Paints and Coatings Ltd inventory.",https://images.unsplash.com/photo-1589939705384-5185137a7f0f?auto=format&fit=crop&w=300&q=80,true
p_SCPIEZTY_109,UB TAN 1 GALLON,SB-CAT-UBTA-209,paint,45.45,65.9,400,gallon,"Official Sunburst Paints certified industrial catalog item. Specially formulated for durability, premium flow, and professional-grade finish. Part of our Sunburst Paints and Coatings Ltd inventory.",https://images.unsplash.com/photo-1589939705384-5185137a7f0f?auto=format&fit=crop&w=300&q=80,true
p_6LGEZK4M_110,UB TAN 5 Gallon,SB-CAT-UBTA-210,paint,150,217.5,2000,5 gallon,"Official Sunburst Paints certified industrial catalog item. Specially formulated for durability, premium flow, and professional-grade finish. Part of our Sunburst Paints and Coatings Ltd inventory.",https://images.unsplash.com/photo-1589939705384-5185137a7f0f?auto=format&fit=crop&w=300&q=80,true
p_USF6ZCPT_111,Weldwood Contact Cement,SB-CAT-WELD-211,brushes,12.5,18.13,0,piece,"Official Sunburst Paints certified industrial catalog item. Specially formulated for durability, premium flow, and professional-grade finish. Part of our Sunburst Paints and Coatings Ltd inventory.",https://images.unsplash.com/photo-1589939705384-5185137a7f0f?auto=format&fit=crop&w=300&q=80,true
p_WMJBXGYQ_112,Whizz Roller Handle & Cover 4”,SB-CAT-WHIZ-212,brushes,8.95,12.98,0,piece,"Official Sunburst Paints certified industrial catalog item. Specially formulated for durability, premium flow, and professional-grade finish. Part of our Sunburst Paints and Coatings Ltd inventory.",https://images.unsplash.com/photo-1589939705384-5185137a7f0f?auto=format&fit=crop&w=300&q=80,true
p_2XHEUHK6_113,Wire Brush,SB-CAT-WIRE-213,brushes,8,11.6,0,piece,"Official Sunburst Paints certified industrial catalog item. Specially formulated for durability, premium flow, and professional-grade finish. Part of our Sunburst Paints and Coatings Ltd inventory.",https://images.unsplash.com/photo-1589939705384-5185137a7f0f?auto=format&fit=crop&w=300&q=80,true
p_5HMBDJTI_114,Wooster 1 1/4 Roller Cover,SB-CAT-WOOS-214,brushes,11.77,17.07,0,piece,"Official Sunburst Paints certified industrial catalog item. Specially formulated for durability, premium flow, and professional-grade finish. Part of our Sunburst Paints and Coatings Ltd inventory.",https://images.unsplash.com/photo-1589939705384-5185137a7f0f?auto=format&fit=crop&w=300&q=80,true
p_ZA3HQVE6_115,Yellow/T.S Bucket,SB-CAT-YELL-215,hardware,300,435,0,piece,"Official Sunburst Paints certified industrial catalog item. Specially formulated for durability, premium flow, and professional-grade finish. Part of our Sunburst Paints and Coatings Ltd inventory.",https://images.unsplash.com/photo-1589939705384-5185137a7f0f?auto=format&fit=crop&w=300&q=80,true
p_ZDRQ2VHJ_116,Zealand Green 1 gallon,SB-CAT-ZEAL-216,paint,75.95,110.13,400,gallon,"Official Sunburst Paints certified industrial catalog item. Specially formulated for durability, premium flow, and professional-grade finish. Part of our Sunburst Paints and Coatings Ltd inventory.",https://images.unsplash.com/photo-1589939705384-5185137a7f0f?auto=format&fit=crop&w=300&q=80,true
